{"cameraMode":{"drawMode":0,"name":"Shaded","section":"Shading Mode"},"sceneLighting":false,"audioPlay":false,"sceneViewState":{"showFog":false,"showMaterialUpdate":false,"showSkybox":false,"showFlares":false,"showImageEffects":false,"showParticleSystems":false},"in2DMode":false,"pivot":{"x":-0.005814149975776672,"y":0.3798344135284424,"z":-1.378600835800171},"rotation":{"x":-0.07617130875587464,"y":0.9219201803207398,"z":-0.2976718842983246,"w":-0.23590783774852754},"size":2.8578836917877199,"orthographic":false}