{"cameraMode":{"drawMode":0,"name":"Shaded","section":"Shading Mode"},"sceneLighting":true,"audioPlay":false,"sceneViewState":{"showFog":false,"showMaterialUpdate":false,"showSkybox":false,"showFlares":false,"showImageEffects":false,"showParticleSystems":false},"in2DMode":false,"pivot":{"x":-2.329160213470459,"y":3.2131547927856447,"z":2.245147228240967},"rotation":{"x":-0.3547880947589874,"y":0.6344711184501648,"z":-0.4069615304470062,"w":-0.5531312227249146},"size":7.7638258934021,"orthographic":false}