{"cameraMode":{"drawMode":0,"name":"Shaded","section":"Shading Mode"},"sceneLighting":false,"audioPlay":false,"sceneViewState":{"showFog":false,"showMaterialUpdate":false,"showSkybox":false,"showFlares":false,"showImageEffects":false,"showParticleSystems":false},"in2DMode":false,"pivot":{"x":0.09117694199085236,"y":0.35840773582458498,"z":-0.9521287679672241},"rotation":{"x":-0.14610354602336884,"y":0.8255184292793274,"z":-0.48514726758003237,"w":-0.2486066371202469},"size":1.9735071659088135,"orthographic":false}