{"cameraMode":{"drawMode":0,"name":"Shaded","section":"Shading Mode"},"sceneLighting":false,"audioPlay":false,"sceneViewState":{"showFog":false,"showMaterialUpdate":false,"showSkybox":false,"showFlares":false,"showImageEffects":false,"showParticleSystems":false},"in2DMode":false,"pivot":{"x":-0.30000001192092898,"y":0.5499999523162842,"z":-0.6999998688697815},"rotation":{"x":-0.07920365780591965,"y":0.9045323729515076,"z":-0.3721400797367096,"w":-0.1925092488527298},"size":3.737168312072754,"orthographic":false}